{
    "debutant": {
        "unlocked": [
            "q1",
            "q2",
            "q3",
            "q4",
            "q5",
            "q6",
            "q7",
            "q8"
        ],
        "scores": {
            "q2": 63.6,
            "q3": 78.26666666666667,
            "q4": 72.0,
            "q5": 60.93333333333333,
            "q6": 58.46666666666667,
            "q7": 55.13333333333333
        }
    }
}