{
    "debutant": {
        "unlocked": [
            "q1",
            "q2",
            "q3",
            "q4",
            "q5",
            "q6",
            "q7",
            "q8",
            "q9",
            "q10",
            "q11",
            "q12",
            "q13",
            "q14"
        ],
        "scores": {
            "q2": 76.46666666666667,
            "q3": 78.26666666666667,
            "q4": 72.0,
            "q5": 71.93333333333334,
            "q6": 69.19999999999999,
            "q7": 55.13333333333333,
            "q8": 52.733333333333334,
            "q9": 83.0,
            "q10": 78.86666666666666,
            "q11": 74.2,
            "q12": 76.6,
            "q13": 64.4,
            "q14": 12.777777777777777,
            "q1": 100.0
        }
    }
}